

-- LOCKER
INSERT INTO LOCKER (ID, MODEL, LOCATION, INVENTORY_NUMBER) VALUES (1, 'SYSMATRIX TR 6822.712', 'Block B1, room 456', 'DDS-7865-L');
INSERT INTO LOCKER (ID, MODEL, LOCATION, INVENTORY_NUMBER) VALUES (2, 'HP 42U 1075mm i-Series Pallet Rack BW903A', 'Block B2, room 6', 'DDS-7800-L');
INSERT INTO LOCKER (ID, MODEL, LOCATION, INVENTORY_NUMBER) VALUES (3, 'DEPO Rack 600G3', 'Block B9, room 14', 'DDS-7770-L');
INSERT INTO LOCKER (ID, MODEL, LOCATION, INVENTORY_NUMBER) VALUES (5, 'DEPO Rack 600G3', 'Block B0, room 111', 'DDS-7866-L');

-- SERVER
INSERT INTO SERVER (ID, SERIAL_NUMBER, MODEL, LOCKER_ID) VALUES (101, '9900-456', 'IBM FlexSys Man Node 8731A1G', 1);
INSERT INTO SERVER (ID, SERIAL_NUMBER, MODEL, LOCKER_ID) VALUES (102, '9900-999', 'IBM FlexSys Man Node 8731A1G', 2);
INSERT INTO SERVER (ID, SERIAL_NUMBER, MODEL, LOCKER_ID) VALUES (103, 'SR-565-567', 'Lenovo ThinkServer RD650 70DR002BEA', 3);
INSERT INTO SERVER (ID, SERIAL_NUMBER, MODEL, LOCKER_ID) VALUES (104, '9900-101A', 'IBM FlexSys Man Node 8731A1G', 3);
--
-- -- RAID
INSERT INTO RAID (ID, LOCKER_ID) VALUES (4, 1);
INSERT INTO RAID (ID, LOCKER_ID) VALUES (7, 2);
INSERT INTO RAID (ID, LOCKER_ID) VALUES (10, 5);

-- -- DISC
-- INSERT INTO DISC (ID, SERIAL_NUMBER, MODEL, CAPACITY, RAID_ID) VALUES (2001, '123123', 'Hitachi Ultrastar 7K4000, 0B26886', 3, 4);
-- INSERT INTO DISC (ID, SERIAL_NUMBER, MODEL, CAPACITY, RAID_ID) VALUES (2002, '123900', 'Seagate ST2000NM0023', 2, 7);
-- INSERT INTO DISC (ID, SERIAL_NUMBER, MODEL, CAPACITY, RAID_ID) VALUES (3010, '123904', 'Seagate ST2000NM0023', 2, 7);
-- INSERT INTO DISC (ID, SERIAL_NUMBER, MODEL, CAPACITY, RAID_ID) VALUES (3011, '1231001', 'Seagate ST6000NM0034', 6, 10);
-- INSERT INTO DISC (ID, SERIAL_NUMBER, MODEL, CAPACITY, RAID_ID) VALUES (3048, '1231002', 'Seagate ST6000NM0034', 6, 10);
-- INSERT INTO DISC (ID, SERIAL_NUMBER, MODEL, CAPACITY, RAID_ID) VALUES (3054, '123124', 'Hitachi Ultrastar 7K4000, 0B26886', 3, 10);

-- UPS
INSERT INTO UPS (ID, SERIAL_NUMBER, MODEL, LOCKER_ID) VALUES (1, '45', 'APC Back-UPS BX650LI-GR', 1);
INSERT INTO UPS (ID, SERIAL_NUMBER, MODEL, LOCKER_ID) VALUES (2, '46', 'APC BX650CI-RS ', 2);
INSERT INTO UPS (ID, SERIAL_NUMBER, MODEL, LOCKER_ID) VALUES (3, '47', 'APC Back-UPS BX650LI-GR', 3);
INSERT INTO UPS (ID, SERIAL_NUMBER, MODEL, LOCKER_ID) VALUES (4, '48', 'IPPON SMART Power Pro 1000VA black', 5);


COMMIT;